load_pct,ambient_C,humidity_pct,age_yrs,oil_level,temp_C,status
64.68534479057887,33.21033814000233,22.449158614861496,7.990950146960739,0.5488805170977489,62.85576984554599,1
71.39194695601742,15.254064046072017,13.67375708634361,25.57547800960033,0.9219152002457137,47.9440007678509,0
10.417797002598881,-3.82037224161882,47.55908628694655,15.078858130444305,0.7816590021904409,24.33981520817199,0
36.51939835403054,-2.974710741402682,18.731504266121675,13.171762820802709,0.7067443139150376,37.67734800964484,0
51.710871941470984,44.443462347038164,80.64257076004075,11.412366706904129,0.5562289819912909,63.842639854579986,1
59.853379872785524,24.798662782997692,42.20131435303423,6.7497690433288815,0.9229795292931455,57.2193905221575,0
41.4512309819369,40.701339489978345,47.427433028733134,25.942204949830856,0.6851230520307899,58.702250283310434,0
91.80072390711388,-4.299296889676808,11.616404842137609,19.08377708241252,0.7438058639650336,42.33987522674793,0
22.924710314154183,1.8831704910148837,76.98276091981106,25.001613212056156,0.7855965311322346,33.07710860098923,0
80.1657990087905,39.0062415669115,10.95319108708857,13.435824064907498,0.5709713196346382,68.69994706906162,1
85.42179003315117,44.80579948909654,23.106381324566144,25.387402134568646,0.5889841660228033,74.99841278668664,1
36.09786699199718,8.991212555630067,48.20469729781705,16.2774331313148,0.8488954857222799,41.48328050687338,0
26.137163523569477,7.589989487015702,82.07411572479421,4.190961382418332,0.9364673700905206,36.97079520172223,0
42.497071613578875,42.67399371898981,37.26246064670005,25.796712642952418,0.7584887326826886,63.39797729768118,1
58.6481244762345,16.412686558376375,60.695060193627064,10.254040989089805,0.9475568232025644,48.352653298880504,0
29.87594890140639,10.837667535038074,86.74280882304201,24.053640819815634,0.5944734327080217,47.25714490543519,0
36.4595132476035,42.741458626886384,78.738029623399,3.834258149357658,0.9819464676715874,55.95759280378042,0
34.21454220970742,41.67186903964767,88.44633764082835,25.21615028432126,0.5194882396626381,55.956022066819926,0
94.59944791713461,1.4659140771054506,27.122574933192904,9.603954656535429,0.825492867345005,38.460501736892496,0
35.110521717100156,34.708283101139564,79.45474000980137,0.06336707383248319,0.8296245581304953,50.01839386593906,0
26.999089104469295,1.273666196072397,20.239519234216594,6.579430723922018,0.7574425526075799,34.03287620680412,0
15.914654174258478,13.399530670638285,29.29650397168271,28.438075241029786,0.5116983261332408,37.95984917709762,0
77.09847942446461,43.3457821317608,12.093124759607905,6.111244890876114,0.8946468815934785,59.46978329993142,1
28.151500584337096,33.08697013709679,66.00026960859948,1.5128030899693456,0.5851930033900861,55.03055694007919,0
53.67890901577808,-1.5076824821620107,28.824823046078976,17.196869319309194,0.7344141024601624,32.487952851550936,0
75.48559652321228,0.7295225820978954,48.736961939871776,24.824010814453043,0.8114588993755243,44.19632619972428,0
49.20542845051644,37.578748693159326,58.91567737582737,15.655512299988363,0.6689579950323898,59.13595895575701,1
69.85986697974812,24.889079478086245,18.933995608584667,9.490678027405474,0.9927610746734574,53.41801856652732,0
43.49900363852738,31.372334884562072,12.1023720326043,22.765263984516782,0.7608214225712322,55.975428850870635,0
99.85058823625158,38.9731729103918,76.77720066026811,3.8095572545268865,0.957147528630971,62.82218535895548,1
62.249432632861804,36.337231007269466,56.19010355857399,14.370737275242387,0.8503823883816577,57.182357745235294,0
89.94925758659252,21.017221690507437,53.0431426827582,15.687072896382018,0.6559124618938545,57.16276080369374,0
96.33429919321011,34.40270772655505,88.68779954956163,9.674183379767895,0.8625647236933833,65.17575193775913,1
68.42190939936377,14.93590029909102,56.83451894673226,27.50763095028364,0.7282534434590242,48.87607352273858,0
47.11139556688997,0.32226010723851317,31.47526938776842,13.189825471927023,0.8174184005780889,35.349183965247235,0
35.15480086211949,24.789554325723294,62.1338745788117,13.189983151438962,0.6209138015536924,52.19387995696627,0
31.202713199529512,20.604718536253117,34.058561633768896,9.530212806974635,0.701029656440094,48.53436728710488,0
53.69194501542665,0.09758467697189488,11.50910503265873,26.543008380078398,0.5232352942930634,35.81762444894755,0
52.430828083380284,15.938974859245246,11.529332137348236,19.046297923250794,0.6767018678085337,46.288817478798734,0
52.343069113706456,-3.2416124340270813,88.87267152048233,17.637080001086233,0.8310298563329361,32.43643177286289,0
61.51793510405699,31.52653667590934,12.81970428115418,18.272655329153807,0.6794430062607293,57.20426189125159,0
54.23082798439236,34.05933425098901,52.774309145435765,11.351418642962772,0.7530752720460454,56.62698651810742,0
12.268893391366195,15.694026226276485,40.00279938579393,20.492710441402302,0.7165049761679014,39.08279060913284,0
86.66021688611623,25.59719554440134,64.72644372727125,25.445982566446535,0.7504524189707217,61.17317731577365,1
47.948005984692074,10.215576216717292,18.990250527744912,20.341934315158802,0.5892577551005045,40.36370772710479,0
98.35034101826176,14.879616182172335,78.23028160999603,27.352851124954842,0.9945757123853544,53.07252079791036,0
65.52354842727738,-1.1005739304559734,78.47242464370194,28.146047085503326,0.5070252557057178,40.39805432643568,0
62.12202852246917,3.472391957531922,76.59376137937593,29.08970370482166,0.6469384713322059,41.52700518021073,0
16.714661818295806,25.548878788791594,36.99061787338066,26.791849352803375,0.925858545332269,46.37406104898796,0
76.63414377913878,7.258938519249934,66.56991577619098,9.39871420400123,0.5322630064639382,47.991056218148856,0
51.04291698731066,11.771736352544558,64.44137702527215,25.80663627068264,0.7812244785964447,46.0134486508642,0
55.567654415382165,16.795712579166075,48.15288789703019,15.791270788502906,0.5562506120949345,50.84713559713248,0
79.66567869798176,3.539246819091561,79.18391345003157,8.373927261482395,0.870770263454439,50.847538076006906,0
38.202393803868944,33.88645583900395,54.18361704871173,10.223297877704717,0.9296913196657879,49.225334338679914,0
70.5211973007415,14.626525684290552,89.09886073791947,10.22010223870413,0.6634565719103596,47.367767921684056,0
48.07258323650057,22.083920144835496,76.005311766402,4.002952524185775,0.7735942403181625,50.35987820263024,0
48.41162730000228,26.481763586957168,22.1397851993037,19.77655223521329,0.5717653146642174,52.97512790918148,0
93.07430389617686,8.273033377422783,25.731108427060825,16.89409004874222,0.7748049381374547,48.37224722958998,0
20.90745295587545,40.62774410302489,75.50396356686737,17.71936079256751,0.6873109206259951,54.5341573885546,0
18.15229948116931,44.75598178191195,36.012955697071206,26.950369326354938,0.581833253876034,55.60609391988981,0
88.87228218493115,32.82144463163011,74.52465969143552,18.5849832539883,0.7243175309221175,63.88772230100183,1
72.37154436056616,26.75021919652221,25.3807843212305,6.782079162190132,0.6988274504164826,60.39513600938741,1
32.07900837563113,21.988261170959426,15.2776797935232,0.28924036835921485,0.8669397041984983,47.63780348752526,0
21.804512337905074,11.484283718482661,35.58360720167225,14.770332496031067,0.7888861470427273,37.96217268111804,0
94.34705954517335,7.190501334679894,58.51136858636511,17.861844665981764,0.7089776161236239,55.77774467086479,0
10.209971186874112,16.013215550684954,17.43924207292651,6.685036612506556,0.5038894820995676,40.9556602678235,0
90.58083540782849,34.63911394747938,87.64856006359813,12.926982690457772,0.6282370449928146,66.54711307700641,1
43.9607575738462,18.434918384803034,30.524760734030405,26.31326854182316,0.9896632469237041,42.53520441540505,0
80.02015104902824,28.086843138221823,71.78501872089363,24.841845396951104,0.5930379286026463,60.07271367262045,1
15.516238465285753,25.869564884850554,27.309544152367266,9.01876857460864,0.9605072047080598,42.269635918682376,0
16.697153945382652,3.886595984255969,89.89014426972349,0.9413590813860051,0.5073737886112122,33.030596101062166,0
29.552647128496172,29.735939108633218,67.23456799611557,17.902240096021057,0.6608474513545974,53.36579389588451,0
30.691533211073462,15.238336584091044,29.645822570734826,0.5739329538113624,0.8047453730767729,41.54671282290353,0
91.44146420223467,38.856321115739526,14.702509263565577,10.633635957435914,0.9891738839098503,66.67131761846358,1
12.315924479553939,38.1579403694029,76.88351592582103,23.857191395271062,0.569017257640487,51.5899150039017,0
85.19182171209377,16.06408048419079,14.248098129484568,18.214744979596375,0.9754924573809096,54.49700703293874,0
24.40747188045368,-2.554973971219355,67.08480773331215,4.789417559616952,0.9271006405423339,32.43949502155574,0
41.45864322287094,-0.8628041492136767,28.920926922065355,14.17625853181136,0.9977603206653664,34.13902674264611,0
32.612136615944905,19.707594161849304,32.14098660538185,20.590521280486115,0.5890131779226098,44.96685343896721,0
45.40705120684274,33.26186295763377,35.373411387558136,12.721381430500003,0.5736475981766285,59.074445024156375,1
47.446183527215844,44.73519042868596,23.529908155194637,14.871641587511892,0.6822972826387503,71.29670314552037,1
57.5552658425406,23.749065011823827,65.38088603830704,22.20621379277078,0.9853473635651779,54.7586006626854,0
64.96563143631062,17.975317844387316,19.140595720944926,0.8402834986944874,0.8902282873468326,48.96529573221619,0
68.48113226230382,7.9767982990170445,56.57492740842852,7.250538231567649,0.8203151534665221,36.27801513693151,0
35.51241187870291,7.639428897408106,27.485648733403085,21.003263618286738,0.8495073436038367,35.18728471946667,0
43.07837318794182,44.84572577733342,60.32121092867367,9.468041691356193,0.7055237244008715,57.99464335829041,0
80.10616494365817,16.30682875765303,77.99570125385625,24.15297606998819,0.688955743229668,51.289963844990325,0
43.13753221012218,18.204308038642036,85.65387636328131,1.7730535150524507,0.890834334969893,47.542140753688,0
75.89212337549331,-0.8372581534722157,25.901282231053635,22.1686029912482,0.9017910295647033,36.72791302385599,0
96.41430140299265,37.91920595018614,31.882470312216444,11.13825056418822,0.9300307987768193,67.15243469794065,1
93.64919184994493,28.296919732450043,33.29575906489254,8.539282193529264,0.9650624779712615,56.47490270743214,0
87.50367402000332,43.92169692741668,29.468150240179085,7.092599018585792,0.8267332207639426,66.27902752636544,1
30.228550915536395,41.71483494219367,87.1580882579104,29.506025078028937,0.5633408946342324,59.360131118548054,1
62.27281108950294,8.526184082870014,66.73662241812778,12.585220614322214,0.7177495368948542,43.241123337181975,0
81.42813243838006,14.796997888967837,65.8876078155233,16.482374121014356,0.5487611952995308,54.56344415401147,0
12.674203352193096,24.613515379069195,76.30161828956713,7.904367787274951,0.5732350648864197,41.688014733799136,0
44.05510947244573,30.831136689696947,32.73889483600547,24.991649397848185,0.8014569693225584,50.58567017556437,0
28.611471779552378,19.592042559986123,75.28778994160841,4.198708079087354,0.8188199835616259,38.867431916555944,0
86.07367533161349,13.91251091708508,55.77259046216554,12.830902154591657,0.6976257803454127,48.69404581764911,0
68.6522606256981,0.7924626105219534,52.36459155657862,19.204222721096237,0.8963841892850832,37.24768071035945,0
36.19956360776242,42.062967581283274,82.03745198773267,19.83064204446472,0.7118233458105829,54.51636071063218,0
93.20228589295576,14.772196869947734,72.54333093598291,6.499125184833513,0.736397707356018,55.266321256163565,0
85.46357257587681,34.73984253420607,89.95307787448995,15.098654935825262,0.984853315495168,61.205904692184724,1
43.37833235869421,19.61578823540089,31.963469199069987,26.872049908610062,0.9678015651502947,45.71911586082361,0
48.88164910800263,14.582536969940545,13.548982002459358,0.0745288623355933,0.8884140529638727,41.01041781465103,0
25.96760424807664,7.901345503428974,80.7660078037197,29.934340292331445,0.6939016670004237,36.74753847294773,0
62.59732865414392,4.2603319428956326,40.96890871327372,18.472618456209364,0.8467929344127016,40.25129197146903,0
80.70006506002103,21.497717719536094,59.21104641092236,22.140996632000885,0.8122690230371072,58.75048902891763,0
99.87709622903955,20.80120983706517,27.36698222501144,3.620979864753524,0.7772360415754704,53.35997470093808,0
80.64553114047499,39.13298092172207,75.69987101518711,8.775822420596388,0.7895485281269434,60.848260946695106,1
30.86816185974029,-0.8680748432047425,65.2484248367644,8.76860904988374,0.7517699764220359,33.822618923976215,0
81.07301074004974,44.11610252510066,64.98993239220428,14.79476809395,0.5833814932295469,71.47003713993725,1
16.787226225692017,30.160461030025857,53.43431789192728,2.2543725004614714,0.7728224757280535,50.20755146295104,0
91.66685898878453,33.90958489061616,58.997035447938806,19.67527254967646,0.6182644419100822,63.24935309673952,1
40.45705396705934,18.621723451580213,70.74241951431392,22.103029414532333,0.919739120891252,43.77093714445618,0
13.023221618924092,20.880587803608552,49.897994069916145,10.996534014116895,0.9572886261784006,41.07387846686771,0
30.99631147690098,32.066941940375855,63.4088460737874,22.399931622121258,0.7530993169132503,53.93918301088663,0
48.315906309602994,12.403002724714174,50.869944890922014,18.912835042706376,0.6085508876382588,47.026480977426736,0
23.017489793508627,20.049351746928195,69.12278797059858,5.00508451915913,0.7369941896990709,43.64810533283278,0
68.86405239752906,32.1817447986291,65.2949528038539,2.6315875466397043,0.882199738129283,57.8253815206316,0
71.77598621895712,8.660448861200102,82.39723874636232,28.142539793557674,0.6832920359961829,47.50082642387357,0
93.22727551869598,36.716502498523425,55.62771092721165,21.10171231246583,0.9111298319847501,68.8708264691899,1
63.46330938889758,3.117310878429585,75.74274144034672,18.113422238791397,0.8631971211245122,34.784602704198164,0
96.79936751714372,6.3924274440943325,61.03724684183132,20.11758492450054,0.5714862896271347,49.756389845768524,0
17.36347566131506,40.38238748058481,70.16052597702075,13.355192295102949,0.9940801359166191,54.28999906436642,0
67.85714322553689,31.945757534545564,85.6793612355971,21.573763118766188,0.9808555820372169,59.96538203177933,1
45.828367473659526,4.31486507054497,41.57956664830985,7.638298054117878,0.8949970823516307,36.20253569071085,0
26.536142364191953,32.00567018989054,20.753395558592345,12.023278937934805,0.8965333294495511,49.665133614406116,0
70.91593088159661,3.5370783199146096,40.703509895221885,5.0500963951870395,0.5076202022545541,50.24562823730615,0
65.00753911550042,28.742326473491737,61.33204849969654,15.25474272214645,0.8015545076084072,55.42615233513145,0
44.17981713006495,20.827174997638046,66.90546830257506,24.08986519820625,0.5461743737225588,50.19804744389711,0
35.65645868493466,33.052376725391596,84.81723286089947,24.373488635291714,0.9478044720041833,58.28917389174681,0
18.111212237624116,38.25517689063829,27.683393781380996,16.262300564233918,0.7659747800096463,54.99202882114711,0
16.76109460712722,0.39923319063179186,44.020529672075966,3.1344925654200297,0.781037784714582,28.828774687797633,0
90.1608975140024,3.8349448818186396,69.49753229248358,14.155400171909932,0.5815093055507883,47.02860228141661,0
31.65788704559643,0.3657153083094382,83.22570502951527,7.308690219761477,0.7186459890180213,40.07532371888176,0
52.77918518299255,26.542728629000855,27.290883268392207,27.30335454309339,0.968998997433122,45.182368479957105,0
27.413807442389036,8.536070140758843,13.626869800346517,22.743979927182963,0.9990095200429552,33.47683954292548,0
40.90783772560218,-1.186700573053896,71.13487268767823,27.09185341801957,0.9552988059449303,32.69145708673579,0
72.29081303201131,25.691022219816173,62.757829565048525,22.067135108971648,0.723657524693871,55.15038186206998,0
85.72138214900944,30.803346528296473,32.467479599145655,9.886575495664081,0.6911643456798104,64.46581782103624,1
43.37455157440436,27.043639326755,53.06271573972427,13.168291049298483,0.8248571553359744,50.8515702575698,0
23.293159639323463,10.440691019496555,21.6282229153257,1.8987195194304074,0.5130553676385694,36.70072987837924,0
60.98034088190561,2.4925825555222536,81.68146753604812,23.972283841114844,0.7819679376349147,42.55250869595696,0
38.562859103433695,0.6657277500023753,43.04386264389075,1.5031679934686437,0.5110183626846152,42.20528705813193,0
90.9296836324624,38.92690521380773,38.19536399816029,1.827001596739336,0.5237472781357055,68.64033197365968,1
53.5462878574778,-2.142552388991726,50.70800939945901,29.371470689626527,0.5431306147002376,38.18773138737666,0
17.8638701104169,38.71899238853005,69.90335708071045,14.892038636242898,0.7344437597109086,58.265029379417385,0
60.79046227281398,21.140497240768255,27.960390852874042,0.6445242447851385,0.5521975613871084,55.560981845026944,0
77.40281231063041,8.951910772529658,39.2428266856766,11.045894871513656,0.7916106461140356,49.57365606419844,0
14.125521000374349,20.76145526188329,12.660498467104313,20.366954465536153,0.8552005474377338,39.57408091814653,0
19.91411358013449,26.814613981276512,14.05793870334712,21.43883442267154,0.7066160654957518,51.31750607336856,0
53.5410344545609,33.25963952007176,17.834976027832266,27.789764481015613,0.6208652352319117,66.34821799273782,1
28.794343789479946,32.48622430291043,23.56087044221786,22.69125004823621,0.8489634651070836,51.9981072202661,0
59.14385585247039,19.431944093843462,17.485035389819217,16.95007540309795,0.7070512284726832,53.269151355749905,0
68.53247547002258,10.01733349426489,80.44846992240824,18.400172315830293,0.6306160537683476,50.59042298002191,0
30.22009571457152,-2.6461415692528254,82.03385275137472,14.137718834404662,0.5625194261762465,35.53407737322801,0
32.49324065816086,19.85053854847845,35.07909701382685,24.63160635181606,0.8336264315439174,43.35652605161017,0
14.651314479827233,7.4578936859784655,69.35228557097071,27.657187198748662,0.8027426759496167,34.72987817329741,0
40.41792332359307,11.096175927354672,68.34630909472864,0.9158181057464998,0.620426134265915,41.05674223834615,0
97.83899478360983,1.8847443679278477,40.5816895176066,7.387342818776329,0.9350113399177086,49.560504638209636,0
87.2156160435627,30.13399848219646,48.638719678918775,18.029750144649245,0.9981645967264066,53.47696614618434,0
86.979096936288,36.77771049641121,41.676476575056924,29.032695216968754,0.7053418955871258,69.38177259792852,1
94.67259144143436,-0.4672086624189342,77.26754201641155,14.957725579773593,0.8799618765818823,46.72968017568157,0
14.757842417503204,23.2863681051394,47.90929298304532,19.476847865413077,0.9298567814567578,40.81938041633386,0
92.894042538172,-2.2103009286116593,46.83993492404678,27.86724403941354,0.7030069010428878,45.80161674045229,0
45.33091430426587,13.367426870817138,89.36926140263638,4.263495423015815,0.8237250465215725,42.75002242713079,0
44.73655894457334,-0.9249757707897892,25.198165801985812,6.04620594342892,0.6685884035269902,38.004946370860594,0
28.23066660254252,0.5586483792799513,48.046260172722334,18.05861901766822,0.6016103964339785,37.12430979124748,0
93.10032605054356,2.7711426850971375,64.37844046929924,22.571170549303293,0.6208136926589158,50.51070586939515,0
75.29741704849589,19.870565561138626,84.00577709939134,26.837482134087388,0.6952351758963673,52.65729970074353,0
31.242475409684392,22.83147639643268,56.57022123328861,27.922661837481556,0.7365034907800374,50.36954790383084,0
88.91924628433893,23.988493820985628,59.34247812142786,1.5881340152738133,0.5684251387023036,62.90227225312722,1
37.51621598633936,-4.5626444018541275,39.207714558896356,21.145700624418012,0.718527710423198,33.76606346623973,0
76.6608483868077,22.46625504836296,29.179513384840455,15.07412204173974,0.5339555395598714,59.960148246209954,1
93.51805424899064,35.439584287115494,78.41022989206338,29.46536579876577,0.801669381405751,67.3813499686807,1
26.6843341812762,20.077524571083345,55.04173379327149,24.6863801241709,0.759858683342265,40.935366500343235,0
17.274954670360565,5.6783800911203155,30.82192504400072,0.9923104471644528,0.7614653971332606,33.63824037952873,0
55.80604027428429,-2.890152981276729,22.744924963770643,28.861799632095117,0.7514709323586041,33.80906597219544,0
22.521395909648508,30.501858754693032,61.5726503814469,14.481138495323053,0.9942871992385867,47.66492747396701,0
33.650314737804806,9.742017891456976,72.5986044250203,0.7247621161484763,0.8726286405239455,38.168778018467926,0
35.65892217919963,23.700948989152668,80.56269773632594,28.028221812642624,0.7986023902525098,50.112962117739215,0
32.39141133618617,7.153284240053985,53.09371591555169,7.4676981703706335,0.5323812251464579,34.311671848279765,0
13.138558834769185,9.755561125125183,89.40038243045454,8.346289673713942,0.613070501079257,37.82808450791668,0
61.54019868041455,29.892264686417604,33.68699848162044,12.640239196558834,0.9233076656198564,55.20413563838806,0
11.668219693305854,3.265634222288332,10.20211043758481,2.57092080667787,0.9600013222651369,28.61287694061653,0
86.37702791062522,30.10485887030974,64.12095598288653,27.465207713105986,0.8851579713888196,56.02914486571659,0
46.111113280559344,31.63984535259521,51.42437013980691,23.156596170098698,0.7587770937167455,53.9569215381971,0
91.3319466597519,-4.512898984766441,79.24334881401077,7.310158176195113,0.9501139353726176,40.51938369863835,0
77.59795123114208,21.684586419897855,69.44722409971254,25.691030083195155,0.6363821339765365,58.08275782169831,0
65.49452855495576,25.32501873546333,22.099936503045008,11.947411851550717,0.7070049864102824,55.834512707764105,0
94.19866157250883,10.221826817020844,23.42229333976458,3.6900948523861885,0.6622825724440767,50.026190105935534,0
84.4069846056928,40.981160456347176,16.495816763377327,0.9303054653559673,0.69248018731803,67.14042314545847,1
97.3625994719787,41.24958930984344,78.11451934681762,27.889285087043525,0.7261910313838347,73.5254835668379,1
55.566545514649604,18.11238405887666,23.88594686613868,2.131731962952874,0.9294225380295932,42.689189364697405,0
88.92352199418691,16.594799696777212,10.354432484319984,1.772350558124337,0.7599860134341078,51.36695945480049,0
12.887550838523794,35.59030724922354,56.38510609374195,23.68694168159651,0.5022598202726383,54.58953491978532,0
26.806581055068516,6.4911989099301,36.42014649952337,4.605969163153856,0.7821401327360387,37.61259229526276,0
88.7664233871245,30.17090782330152,38.4708072313197,18.332729098746483,0.7871352375789531,62.260815918442695,1
30.64788015565444,-2.700635037571104,47.672668798412296,24.171433033383952,0.7425081325014621,35.15379352033685,0
51.86742363097581,32.27501446434674,26.683216716526896,29.120221223910832,0.6627849820098471,56.20333500846691,0
81.1060913687279,44.78071081284897,41.94728690204563,6.400024808647321,0.8407885590875789,65.3084306433752,1
97.68328822299308,18.41188449098152,30.833532400151586,1.8484700890853412,0.6717387517905158,61.83999037575573,1
82.16650599128235,37.99451455339513,25.3725656006862,28.284314204677585,0.9638308339983942,68.0274445342062,1
62.143085081520255,16.82955871253714,84.41224771974936,3.0148453118527763,0.8794845302442922,46.69640503166546,0
35.98128043394121,2.354705555886376,89.24128268901453,10.659468039469326,0.9154700938038023,34.34153627893,0
96.36844508697124,35.61004905796218,54.87485266296765,19.16899050985328,0.895286764948744,61.98253590101209,1
21.721746103914278,36.63785605875797,48.08377218622621,11.132799508952282,0.984290547681644,50.39766068232633,0
68.61312925846585,31.654653361275727,76.31285256675088,7.272769847328314,0.8936365360811331,62.128469694984524,1
25.90556201120885,36.16609500111401,86.64478261819501,15.229283229503928,0.5423681166761142,56.22492776344017,0
17.919457007359007,9.335618126478744,33.66731767095756,22.984778013879396,0.814996116552918,36.67279355542489,0
94.84736191568645,22.38713883136215,34.17454860794678,18.06713876703926,0.8789648116791554,57.756255138468696,0
34.01043931325286,42.67676736280786,53.73741967378625,2.77958215949619,0.6629313604704479,59.34481271247354,1
17.298143498138423,1.259508782304696,43.18641168304726,8.651602300605687,0.8273088285587046,34.425095547308416,0
39.37582881755119,35.42868850305643,85.28958915926887,5.338866815470713,0.925323952071434,52.804660424537026,0
77.83752375840751,38.15100458174076,49.69405908817657,4.127358802189997,0.5419912620612048,66.09101428662333,1
80.94201424801437,35.64607074866796,20.059915261473016,11.059740283987402,0.8948619797506657,57.05800328512585,0
51.06983649178087,28.512158686949874,33.11308035494904,29.92556013295742,0.7033869770996731,61.06208738243731,1
51.311481285936395,14.02939819713832,73.76136324721416,22.318760947173757,0.5920959042939399,49.13653600413807,0
71.00438177130425,43.65184913223256,20.495031999990346,1.763536293710043,0.7650492929323238,68.90366660940289,1
28.248006501740797,24.745250181475736,30.087540535081718,20.77537300043929,0.6335797301064163,49.71739180246169,0
98.48756589343432,36.66686060854306,35.2352592009869,19.469649568030796,0.7508815183669133,71.20609330520247,1
64.36972424928462,9.323975762354275,39.84742916240421,1.8344704050789706,0.8079992333944904,44.23141717497686,0
78.13528775765374,1.8573500170470538,71.33310434742393,21.553135520870292,0.7664224160964929,43.2701237948113,0
39.93903997908363,-0.06080276943592011,30.948723396432367,5.281189888934371,0.5965830775408976,33.55647481665098,0
17.89285709779628,3.8348084176247514,26.66356273012547,21.322503832735016,0.7793640379486412,36.82829906502079,0
62.31620276035688,24.419820076659782,84.27112272974945,7.224976447815601,0.886025821002275,52.23953756553145,0
32.141937081934294,12.286573010562307,76.346207813925,18.000305943848343,0.995592791348503,35.98421855224838,0
97.92716510435153,10.907622145327549,23.33403465793669,6.25237820950283,0.6987489766863626,54.09815322657406,0
77.29800911506752,-4.2160867954830215,69.78270386824639,16.178034055916115,0.6160664426261235,41.41617361760311,0
93.89026809829801,37.90236291861469,52.92041166080948,29.019242491358188,0.9024016090454208,60.15617842224193,1
99.87848379764446,42.91132681788573,69.26243406689512,24.090517806870615,0.5036269129918796,78.98718181342363,1
16.494379695370704,30.474340350687314,60.6989831462333,27.88422188163004,0.5252625537935529,50.54499299810476,0
94.57575240426182,-3.5049505492805344,18.372540263403643,2.704165905203777,0.5249940082636233,43.18370001526026,0
79.52370673092588,8.562048996361836,15.17552581729726,26.155415781892064,0.5611911707077153,48.670877668883655,0
98.37744630675498,37.93302609679283,65.69478724178435,2.95233837787264,0.9404749642728685,67.2935542621948,1
23.72486744097818,-1.8394492292043219,86.62228620625815,6.649731908036208,0.9881574053293385,29.85152937611881,0
61.24948509801848,38.93512797193103,78.08689328961952,20.16734021667457,0.5544726930308173,61.48055823113955,1
59.83671580457397,24.369834182919174,12.582883957459128,0.27857631721926013,0.6842091733665766,54.883832361538886,0
11.65618876286037,1.202830403760479,79.00193165952005,22.506702281360198,0.5236897319949672,33.02221251531388,0
71.21060221936617,22.198817063518693,75.63044997809185,3.070433800761231,0.58620379991228,56.83353560909581,0
96.76521665206994,38.52529393893055,59.45085569239764,9.564018401593762,0.8892530629130504,66.24238092280261,1
94.36791263173943,36.88648655314612,43.338738489284,4.025847976472989,0.9071190649218323,61.11945720026776,1
28.279345143452804,9.512315790970181,11.405058971314137,15.44512084213342,0.9738523423558325,37.728763679357876,0
93.90699524880397,35.95322648160194,77.85377476692206,24.502140254652495,0.7562741690086254,62.761699656184284,1
69.92463529598703,3.6570227289489434,58.35981723031775,9.942529046686383,0.7545365424550374,44.4826127652615,0
52.46438431310505,26.945064208883405,37.982055921220564,25.58168313601505,0.7600089016145937,56.74850565627916,0
64.58556876753548,1.0743337063877192,37.088484190871014,18.427673276020542,0.8193501956260466,38.0286419624878,0
56.39629396115375,21.810691816962706,77.57137554831057,15.771853202156374,0.6381183882639349,54.18817989613698,0
84.16674909961209,3.188330162010427,32.022191985657955,21.538653862719872,0.7855475355991164,39.6968279626559,0
66.8126828138496,27.095301434007446,22.142049449911212,28.235132634399463,0.9016054462846876,55.383133830426345,0
55.00827633711271,32.583995566009804,45.733921038215044,5.873931657777618,0.9551318914453202,49.58548466300706,0
71.30491970938108,41.5836741391917,15.957319312876939,16.363952920658758,0.542697700353655,70.59423043374409,1
69.69942547365775,2.844374496078826,64.6485125852688,6.017503276185799,0.7974780564963919,40.640040525437506,0
78.30342215419586,18.724392930340997,60.877140962480766,22.525123679768562,0.7049134981146967,57.4382137543366,0
45.7563864496243,5.10569995232583,28.61161229763784,28.19292489957838,0.793525937220147,37.02968017740833,0
78.72758181369218,34.508783741175016,33.00944575384796,20.340759479349654,0.5854362600951798,65.92603087639893,1
40.004529687469955,36.47253369737578,84.72239508597097,15.891063644139091,0.8222177397470842,56.202788487091645,0
28.25183257876892,35.857540992285344,22.677565187631483,17.318913310086714,0.9865913572690281,53.238582310677046,0
96.08118376460298,39.74123272969281,29.352819444673244,26.429612412855782,0.6080889508252745,72.74885570617697,1
50.28600654549418,40.264580479521925,75.49945517305615,3.5873586377452558,0.7288068370056621,57.25647818072977,0
40.09554531956505,4.491299976961248,56.85262116331633,6.447795935950731,0.7840780012617959,33.8552206901159,0
31.901964494024718,-2.4375435138990498,30.801449672824628,2.298267467195352,0.7533034713231501,34.71968866684669,0
73.9989850744013,3.4756251175526494,23.869151544958527,9.587926218435141,0.9131977031694496,42.479676339108295,0
72.80065420440086,25.22787858014086,31.75627395964203,18.588240528207454,0.8316970741450475,55.73569875687917,0
90.39047688532867,14.946788418397666,74.31414814250031,4.995780742180812,0.7880080366855278,49.18404159603066,0
13.306355583744265,9.435964092036945,14.428436373142466,7.789675170933283,0.6810333298663358,36.036395969302056,0
16.927011023507294,5.824620573047101,25.734720233612947,0.1998870858613122,0.6322751751258656,33.75758044696734,0
10.853818660924544,21.53864204909846,76.03003393137725,15.67026154199477,0.7438716694072065,41.31506113063423,0
35.06191869064264,0.9974850164809634,65.74389365232823,22.112218517833316,0.5552300268349077,38.51782158180771,0
45.41741055785873,7.5155471525046185,87.81255069944756,12.656497475868647,0.6510291378150108,44.58843060663753,0
51.30774543895848,32.56498113664979,84.74027815507011,2.2614646527460636,0.8262954508008951,59.559192725194755,1
80.27899866433702,43.07036976209971,78.29002974455187,26.173772770067604,0.577491962034482,73.25021686276463,1
68.39612753228639,-3.558062380361655,57.077161085219444,7.525002300032112,0.7953388351790163,39.6885998319178,0
28.564261517130664,33.127225988756905,78.90332498041725,16.17819241723174,0.9548075893951908,55.54696799330008,0
42.23311251006094,18.517845342272203,55.04048592119676,17.439612524110505,0.8120174087134342,47.044242337546784,0
84.41494933958339,15.013885856478876,55.562484594952565,9.54637381470872,0.705502301412501,46.37892213523695,0
37.70790194410827,33.117160072658365,63.01925059998026,2.3523197761903445,0.5233201200374953,52.634189310007706,0
40.074789359719325,38.909101872177416,58.777669210685715,4.03508033601028,0.8000373163527006,57.948521690389555,0
52.96308700418428,40.68385479053801,42.570166813148525,5.3876045207222205,0.9301948056181264,59.5976549156029,1
95.57111909259207,8.018645986706867,71.93864510869048,14.354221910541668,0.8337856769284475,48.21872336653917,0
38.76781630921745,27.536286867929405,36.40134229681408,28.98782737054689,0.6571723888319048,52.5821838657079,0
13.367989554189016,0.011386784900023983,59.20441538913047,10.1994008105887,0.577879236599278,33.658376667471885,0
59.81026136742099,40.18681252366867,14.817358414511999,11.746694882840314,0.9408451636047741,63.85695049247892,1
39.9078629776039,37.81724571415409,25.60070687843977,8.746094634952584,0.5207843621461766,63.71633001460912,1
20.266767531935415,21.83523434164491,80.89266398865477,13.987168395811427,0.5542642253195447,46.80003265419824,0
65.85029887675563,40.150429006978435,87.62326247145629,4.288454818599553,0.5583478170441574,66.81847860352865,1
93.88231970628357,5.078298105961686,69.96982226684798,8.53961655107801,0.8960608923990848,44.46410833896034,0
32.63550433403492,35.8222290717095,29.955313343748394,27.133602851720774,0.8442165112509041,56.95431634056855,0
48.02368468718286,13.52336915421531,71.2292414623463,5.3839391919727,0.9860959259111499,41.08498106591433,0
67.86557496741636,44.91278636758892,57.676437581313024,9.416963795669515,0.5588863046248624,66.09496130728446,1
47.94161821401894,43.167012309777895,55.652734089976065,2.222982403591681,0.897665120708609,59.320054250670836,1
66.26514851613342,33.86848183904026,67.84037317856226,27.00000604668564,0.8780596409812166,56.73125410358939,0
69.08919290642825,41.90716396149329,85.02913378467412,6.879101575900436,0.9872925712668766,65.14846509620452,1
70.90294850552317,12.407028951842086,37.892150477053605,16.57425991393776,0.8722069949259821,47.98381620300776,0
48.24531764099726,7.275031273679099,83.47403164799951,28.553196782841912,0.7402843536952619,45.988893743389745,0
94.26291656015205,29.00701624762761,54.698849986606334,9.421605516086785,0.5360554374860624,62.730443977053056,1
39.05038978251233,32.443876816616,15.29585655985831,27.74821430051949,0.6871836485136089,53.34824025457669,0
12.548625683812686,20.532233661150165,73.05189751444367,23.897698180097724,0.7361847792378882,45.0909666827576,0
17.930355027307964,-3.4986405547195076,30.479942166207607,13.837239378376943,0.5153851468451257,32.35618543812045,0
92.9623460765456,0.7565617193532814,80.89388057685802,1.5739196295434532,0.9654073064488968,44.399414153747834,0
40.344224017477245,10.97707553317797,48.95126465984574,0.2518104765039286,0.7753562262120218,38.37677273677668,0
48.63084614174475,3.090378657685454,35.00694116989124,11.659685351485628,0.5814618507161342,39.03020675060521,0
36.081451254987435,0.6287520377258815,28.84530780938718,7.800553553970888,0.9879934569790828,29.886444179869663,0
82.8042653756409,10.874108304888557,77.45397253056198,13.150646815520881,0.5746537345259242,52.71170465792894,0
39.689033591296436,43.2848358210024,33.280560811614286,0.9502835676483345,0.8587370789982177,58.081412658567515,0
90.14487102557453,20.729136568383804,38.2475256595004,19.06834428065866,0.7341668951323073,57.162252696854495,0
76.44491665220856,5.324834822003364,83.14297029880849,9.41899823167362,0.9476694280829644,43.62179477821106,0
53.520558438167235,43.191542149848175,81.50049426329271,0.8445015302938019,0.8264419955477298,68.53981151947178,1
30.92040881366534,2.401555822051459,81.59950871583294,4.503928903058546,0.8429769202004449,35.66190317499601,0
50.774588577953836,19.273593872804728,73.36077420840542,14.683070730554281,0.7726409746958921,50.947433485068764,0
35.00029869217339,10.636875758865438,14.105717123459707,4.586104537419262,0.7644877667446879,41.313790843103774,0
27.44183009567281,-0.9050732200228904,24.409493877904378,6.30066428638341,0.8595217249363862,34.17974452765148,0
31.251660411250587,40.092375788481135,50.42475058046588,7.926828426926377,0.9481766077931161,58.89929818554871,0
28.624686546669203,13.00846111156601,69.04361193265758,6.943132418827878,0.7097607828874977,43.64995154698459,0
11.906316581873202,29.293542162456006,36.17135589163959,15.946280342257964,0.9297385481066405,48.32400775287425,0
98.63686480092333,30.31222498831312,55.12650715499714,25.865906200995184,0.8631752165227848,68.24341715143044,1
27.637371923199485,-4.577058711085825,53.853585598499166,0.17430470842045298,0.9063006995338339,26.5447029818284,0
21.389288165560846,3.610989055380113,82.17182023156948,1.5863079828234927,0.8077437367618119,36.0600782697679,0
50.689588092682555,0.4340029183066738,12.176493122993435,10.817753942179285,0.5135133321666525,42.74368574653333,0
63.017804614793526,8.639529396347472,61.03751457922633,17.577830369412435,0.7684281246085645,43.800006521823946,0
18.014650735514486,-0.4366178476754978,82.52796604286672,14.610693146312471,0.677536727970574,35.26567114536388,0
82.90329756157405,27.39959373990149,54.84018821884519,11.29148449553124,0.8039162728345481,57.18564876953312,0
79.80229095499263,37.61218009481056,11.693377365909683,21.06414526306776,0.5949270922432011,68.11981859756382,1
30.09371654656439,31.883332281766336,15.153603292148201,14.799908972943399,0.7957660486171501,51.68135152751345,0
47.28747302296354,28.35707642916723,85.70018860252502,15.799977443532688,0.9822073610173931,51.34371539865055,0
63.084961465392325,28.010453218546317,87.57604035823134,16.5799787802731,0.6121349774443037,51.265995219562924,0
55.84424971447754,1.6492636433250656,17.103436523569027,29.074016027212817,0.8442936279042323,42.70702740243171,0
84.57152909224124,20.665952269118726,78.2957870889961,10.289821663391418,0.8147392273129286,56.66732396015441,0
46.94163148221375,12.959574752461517,56.2474721874169,5.036431857753609,0.648830421018075,46.00910165451234,0
80.25502040518283,25.13174085570497,52.39260139379405,6.404796937701907,0.851606536541801,60.81745628389441,1
73.22767124911705,29.8053938079767,44.01249757797163,10.519891631854373,0.6066462929551473,59.950338490786486,1
60.62565279916518,8.141547491698624,58.27011129116908,26.550065537817623,0.547323524012333,44.3639856773368,0
64.01788788313289,37.430467683828155,57.74217233546976,23.370846218375185,0.7113242883559441,64.5854090617585,1
45.795574727113106,31.267968362073212,34.37633958587224,28.394054087388163,0.8995501322775882,59.180756363654,1
58.47626719871583,43.115498445840366,77.15059204819596,6.567741451229423,0.7947317731545642,62.14410153900137,1
35.88576423737187,1.2568310137381955,67.21851591178931,13.79738970661581,0.6272208715579434,34.098231677764694,0
89.06762528880054,12.043014954208719,19.736197119293422,4.770823114449174,0.7599584602874421,51.946748501475604,0
45.25670310959335,14.804203245900364,65.20457477256842,9.883912333344911,0.6671039527080008,44.94887570834024,0
35.31003238637443,14.720391936418984,15.296070214926436,5.462583914588739,0.8730387765407734,41.16029887152551,0
86.6631296076155,-2.7160738360713377,29.73099411646201,24.481188170737866,0.6652892867820888,37.260078023398826,0
91.13692359809397,20.750819333159242,38.81008840971435,12.484997846860384,0.9760413973784265,53.5286351670735,0
86.8603856743185,42.777362980921694,39.08396649556154,3.5606623650032097,0.7315921396011207,69.52084401439878,1
25.323763522461242,27.880252697190812,66.36630831850567,9.892129925495485,0.9662548508903802,46.163151243769875,0
60.412293270768394,9.848461773969845,44.677283171376104,21.93781447790675,0.8765131480754377,47.34207285658783,0
30.73554505490334,0.9004992355707664,23.493332764049192,18.785578953701588,0.6297438910501867,40.06995773112691,0
40.592351854877776,28.21102993459725,47.96723284151193,15.994410626513906,0.9757272919425879,49.07814191234216,0
66.16916846628305,5.266436142814172,67.61795137210271,16.142294756902935,0.5754185034844005,40.931570979891966,0
92.92772622542923,15.814923740889057,53.79709296297345,20.47337108439382,0.6932266882144398,53.82051859360455,0
30.38119712828888,38.40736961021835,54.2971742535409,9.652890401587534,0.6653355043664293,55.77524301802967,0
52.88711019355195,16.22274885102154,42.79982848864506,28.105003750321544,0.676908820744272,45.273877359110294,0
49.65895980192774,6.824306787946771,11.757041943155038,14.395870965509804,0.5850347583647952,47.41780770034297,0
49.549557587794766,2.9661796593710417,77.86498452628447,7.733680542815509,0.5594262875224058,38.44609204024768,0
12.897791193896063,14.448332665838329,83.43416263491348,3.837847672512477,0.8400614206395405,36.33836892549442,0
91.44331398093016,-4.427860244392169,42.638132435375894,22.60309201586367,0.7981344366335426,40.21165457979216,0
36.184021185148495,3.17182925802234,57.72669927602797,25.262349647221583,0.612512076982835,36.518990197591755,0
74.01326879081967,41.12460301920153,44.84374063317196,12.09571750324777,0.7735544060063011,65.71433683908671,1
45.03651712703187,35.13649649307582,56.2154301104551,23.200542044920116,0.7547617860894278,53.60091775220755,0
16.589879139732034,43.243331889554554,23.494960470922564,22.09163226117068,0.8103062152392446,56.690690724811255,0
48.5677082110299,0.6950581070864148,70.22116690549618,12.901285565419736,0.8651316871556257,35.76108164625951,0
23.03251852204596,5.508849837811946,31.532505271544853,0.18138547246967063,0.9091344974421287,31.228803498127483,0
74.0498305084043,24.175622483675873,25.605502792285826,29.797962544918846,0.8642708040679268,54.10835512760736,0
62.04546540248328,-0.31549826754979193,52.04551358539913,0.3597334490388471,0.5135562713832609,46.0475846517209,0
12.051552343194869,39.155930320886874,44.70879279460891,18.79569812892534,0.6069886193786745,52.94081063611048,0
56.210430026863044,3.973169448088763,89.54321685752778,9.826997928331094,0.8696615643555642,40.29348196609897,0
20.874588825885198,-0.9828649363410058,17.241007202862964,3.400164336077868,0.5384361262369908,29.17748920553278,0
76.56759720367515,23.748491081148465,39.73234089829313,20.9647243239416,0.5937702074691418,60.43381130159885,1
85.18754975961691,26.683027224619924,59.00500914114698,19.760555320645434,0.5772638943584952,61.94277457313477,1
60.00304061154221,14.140855521260747,31.255084381572846,4.113415851571791,0.8212102279887025,46.830039276695224,0
27.446512957171233,26.69503193545737,23.203130318189586,1.2166412253525782,0.9255804667642558,45.42964382453742,0
94.35073729282973,40.321126406685664,35.865545900590575,5.523968953355995,0.535459335341812,68.2855213680993,1
86.21841949025473,40.558981600821255,52.20008575707525,29.421045376587116,0.7911178773114282,68.50595684740497,1
58.23983830431807,-0.41784904188499983,78.70099306891424,29.83277798648426,0.8977432156476922,33.7575478269249,0
16.011893068695667,12.82608198192646,26.719592590987045,15.027904769519129,0.789129665016007,39.017387825174325,0
74.72203172356365,21.401977526275545,35.92791434927844,2.8990086716919516,0.787616903233979,54.94543950843052,0
99.09706377818351,36.09724779964799,68.31870320671888,11.51112867041609,0.851311683978521,64.95979475078522,1
34.78171582305603,1.832495984870529,89.84911516572346,0.7475958809230687,0.5878560401619217,36.39607966399384,0
88.93120291370707,-3.6515556802593285,78.19623575673232,21.712401675813034,0.6032100783820253,42.462308119665174,0
44.048689083357566,33.08198858375842,55.003771612325984,21.152964997183936,0.9711229633442902,56.62699407457306,0
40.14670374127028,26.946061558780247,63.07039295050405,18.771813704488885,0.9444194423056314,47.90654522660961,0
41.017289627987125,35.379273719050154,30.326867966901176,21.258188886216942,0.9795700562011671,57.76851226244517,0
33.711888993953906,-4.67533410811687,27.560881178432677,8.967681049295727,0.8767965491571339,37.974074283433495,0
24.17067264730526,25.47335006574365,21.251146942625255,1.2884345065078118,0.5039285470997856,49.44938304471408,0
52.16655702952039,14.142455785036528,88.94879484087065,6.939536020693893,0.5716678512488582,45.8300093845575,0
18.2257171614647,12.648047311382253,69.86248133625975,28.5566235524066,0.6008378427873655,38.311048756930475,0
48.65190872247446,19.392704118094784,70.10718891726665,15.343488225801803,0.8135201347629878,51.81520447565933,0
27.378373126837896,29.53490672122627,21.72452693768924,27.821499600346545,0.6257458340456994,53.577718592571635,0
41.337885455358624,16.66527993599146,54.49652533824135,19.279769485699116,0.9590773728783455,38.81624822430429,0
60.4886527277867,22.938956574858555,50.45659193964414,23.45893737530485,0.5679777201655694,56.788316703856594,0
93.97158062194555,36.54806463465247,11.979226977881616,17.42198881236449,0.9926358319757815,63.20099042196241,1
27.69031659745807,25.852556983412114,13.120058876833358,12.10211273213382,0.6785106345119533,51.99693795507419,0
47.039456604586235,32.969419114582934,80.84604450370593,22.5920220405625,0.639185963919392,59.94874524762269,1
83.92720634979186,8.747926245833614,50.076990263387266,13.58307756446672,0.8527021984391621,47.42612646185261,0
21.058147692675618,11.529731805581001,81.66595846445423,10.72933877866765,0.967520428935156,39.70098860348409,0
88.7231009768873,38.03120207442078,40.79198893196613,16.146136849536802,0.5173195698432138,67.71982578810122,1
96.6262200076597,4.904573023443053,26.2683820205271,16.04949267489778,0.8156767731365032,44.95991569399047,0
99.0093410150493,9.591922518383726,60.10022534014052,25.715238405161728,0.9251358573206538,52.07468938174854,0
10.353859680179488,41.922874998466185,20.838724610884498,2.3858917918236644,0.6819588151393263,61.23500332596244,1
10.276584092746159,7.933972575414343,12.11469900834163,20.987324034575007,0.7669625567992311,33.79668828260866,0
83.43984946308126,19.25051934422495,16.234868234133373,12.293507090023823,0.7157310800590686,53.80986423614532,0
